<soapenv:Envelope xmlns:soapenv="http://schemas.xmlsoap.org/soap/envelope/"
	xmlns:ws="http://ws.ce.ebiz.com/">
	<soapenv:Header />
	<soapenv:Body>
		<ws:invoke>
			<!--Optional: -->
			<command>
        			<![CDATA[<SignOnLineSummaryCmd declare-sunat="1" replicate="1" output="PDF"><parameter value="20608280520" name="idEmisor"/><parameter value="RC" name="tipoDocumento"/><parameter value="185" name="version"/><resumen><tipoDocumentoEmisor>6</tipoDocumentoEmisor><numeroDocumentoEmisor>20608280520</numeroDocumentoEmisor><resumenId>RC-20220909-001</resumenId><fechaEmisionComprobante>2022-09-08</fechaEmisionComprobante><fechaGeneracionResumen>2022-09-09</fechaGeneracionResumen><razonSocialEmisor>QIMA PERÚ S.A.C.</razonSocialEmisor><correoEmisor>alfredo.garcia@qima.com</correoEmisor><resumenTipo>RC</resumenTipo><inHabilitado>1</inHabilitado><SummaryItem><numeroFila>1</numeroFila><tipoDocumento>03</tipoDocumento><tipoDocumentoAdquiriente>1</tipoDocumentoAdquiriente><numeroDocumentoAdquiriente>77572848</numeroDocumentoAdquiriente><tipoMoneda>USD</tipoMoneda><numeroCorrelativo>B004-40000001</numeroCorrelativo><estadoItem>1</estadoItem><totalValorVentaOpGravadasConIgv>354.00</totalValorVentaOpGravadasConIgv><totalIsc>0.00</totalIsc><totalIgv>0.00</totalIgv><totalVenta>354.00</totalVenta></SummaryItem></resumen></SignOnLineSummaryCmd> ]]>
			</command>
		</ws:invoke>
	</soapenv:Body>
</soapenv:Envelope>