<SignOnLineCmd declare-sunat="1" declare-direct-sunat="1" publish="1" output="PDF"><parameter value="20608280520" name="idEmisor"/><parameter value="07" name="tipoDocumento"/><documento><serieNumero>B005-50000001</serieNumero><fechaEmision>2022-09-09</fechaEmision><horaEmision>00:00:00</horaEmision><tipoDocumento>07</tipoDocumento><tipoMoneda>USD</tipoMoneda><tipoDocumentoEmisor>6</tipoDocumentoEmisor><numeroDocumentoEmisor>20608280520</numeroDocumentoEmisor><razonSocialEmisor>QIMA PER&#218; S.A.C.</razonSocialEmisor><ubigeoEmisor>null</ubigeoEmisor><direccionEmisor></direccionEmisor><provinciaEmisor></provinciaEmisor><departamentoEmisor>provincia de Lima</departamentoEmisor><distritoEmisor></distritoEmisor><urbanizacion>null</urbanizacion><paisEmisor>PE</paisEmisor><correoEmisor>alfredo.garcia&#64;qima.com</correoEmisor><codigoLocalAnexoEmisor>0000</codigoLocalAnexoEmisor><codigoAuxiliar100_3>9433</codigoAuxiliar100_3><textoAuxiliar100_3>8/9/2022</textoAuxiliar100_3><serieNumeroAfectado>B004-40000001</serieNumeroAfectado><tipoDocumentoReferenciaPrincipal>03</tipoDocumentoReferenciaPrincipal><numeroDocumentoReferenciaPrincipal>B004-40000001</numeroDocumentoReferenciaPrincipal><codigoSerieNumeroAfectado>01</codigoSerieNumeroAfectado><motivoDocumento>Se anula boleta por prueba</motivoDocumento><tipoDocumentoAdquiriente>1</tipoDocumentoAdquiriente><numeroDocumentoAdquiriente>77572848</numeroDocumentoAdquiriente><razonSocialAdquiriente>Test Client for Peru</razonSocialAdquiriente><correoAdquiriente>alfredo.garcia&#64;qima.com</correoAdquiriente><ubigeoAdquiriente>null</ubigeoAdquiriente><direccionAdquiriente>Jr. Joaqu&#237;n Bernal 409 Int. 301 Lince</direccionAdquiriente><urbanizacionAdquiriente>-</urbanizacionAdquiriente><provinciaAdquiriente>LIIMA</provinciaAdquiriente><departamentoAdquiriente>-</departamentoAdquiriente><distritoAdquiriente>-</distritoAdquiriente><paisAdquiriente>PE</paisAdquiriente><totalValorVentaNetoOpGravadas>300.00</totalValorVentaNetoOpGravadas><totalValorVentaNetoOpNoGravada>0.00</totalValorVentaNetoOpNoGravada><totalIgv>54.00</totalIgv><totalImpuestos>54.001</totalImpuestos><totalVenta>354.00</totalVenta><totalValorVenta>300.00</totalValorVenta><totalPrecioVenta>354.00</totalPrecioVenta><inHabilitado>1</inHabilitado><tipoOperacion>0101</tipoOperacion><codigoAuxiliar100_1>9845</codigoAuxiliar100_1><textoAuxiliar100_1>-</textoAuxiliar100_1><codigoAuxiliar40_1>9351</codigoAuxiliar40_1><textoAuxiliar40_1>3.82995021</textoAuxiliar40_1><codigoAuxiliar100_2>9081</codigoAuxiliar100_2><textoAuxiliar100_2>Prueba boleta de venta</textoAuxiliar100_2><codigoLeyenda_1>1000</codigoLeyenda_1><textoLeyenda_1>SON: TRESCIENTOS CINCUENTA Y CUATRO  CON 00/100 D&#211;LARES</textoLeyenda_1><ordenCompra></ordenCompra><codigoAuxiliar250_1>9840</codigoAuxiliar250_1><textoAuxiliar250_1>-</textoAuxiliar250_1><codigoAuxiliar250_2>9838</codigoAuxiliar250_2><textoAuxiliar250_2>-</textoAuxiliar250_2><codigoAuxiliar250_3>9877</codigoAuxiliar250_3><textoAuxiliar250_3>-</textoAuxiliar250_3><codigoAuxiliar250_4>9875</codigoAuxiliar250_4><textoAuxiliar250_4>-</textoAuxiliar250_4><codigoAuxiliar250_5>9889</codigoAuxiliar250_5><textoAuxiliar250_5>012345678910</textoAuxiliar250_5><codigoAuxiliar250_6>9540</codigoAuxiliar250_6><textoAuxiliar250_6>-</textoAuxiliar250_6><codigoAuxiliar250_7>9541</codigoAuxiliar250_7><textoAuxiliar250_7>-</textoAuxiliar250_7><codigoAuxiliar250_8>2995</codigoAuxiliar250_8><textoAuxiliar250_8>-</textoAuxiliar250_8><codigoAuxiliar500_1>9635</codigoAuxiliar500_1><textoAuxiliar500_1>EN CASO DE MORA, ESTE DOCUMENTO GENERAR&#193;; LAS TASAS DE INTERESES COMPENSATORIO Y MORATORIO MAS ALTOS, DE ACUERDO AL ART. 1324 Y 1333 DEL C&#211;DIGO CIVIL.</textoAuxiliar500_1><item><indicador>D</indicador><numeroOrdenItem>1</numeroOrdenItem><codigoProducto>4273</codigoProducto><codigoProductoSUNAT>31201501</codigoProductoSUNAT><descripcion>Inspection Produce</descripcion><cantidad>1</cantidad><unidadMedida>NIU</unidadMedida><importeUnitarioSinImpuesto>300.00</importeUnitarioSinImpuesto><importeUnitarioConImpuesto>354.00</importeUnitarioConImpuesto><codigoImporteUnitarioConImpuesto>01</codigoImporteUnitarioConImpuesto><importeTotalImpuestos>54</importeTotalImpuestos><montoBaseIgv>300.00</montoBaseIgv><tasaIgv>18.00</tasaIgv><importeIgv>54.001</importeIgv><importeTotalSinImpuesto>300</importeTotalSinImpuesto><codigoRazonExoneracion>10</codigoRazonExoneracion></item></documento></SignOnLineCmd>